{
    "starting_location_coordinates": [
        14.6215196,
        121.0531739
    ],
    "best_route": {
        "route_id": "cycling_route_1",
        "mode": "cycling",
        "waypoints": [
            [
                14.62152,
                121.05317
            ],
            [
                14.6211,
                121.05225
            ],
            [
                14.6222,
                121.0517
            ],
            [
                14.62483,
                121.05718
            ],
            [
                14.62125,
                121.0589
            ],
            [
                14.6209,
                121.05807
            ]
        ],
        "destination_coordinates": [
            14.6213392,
            121.0578776
        ],
        "distance": 1.4418
    }
}