{
    "starting_location_coordinates": [
        14.6215196,
        121.0531739
    ],
    "best_route": {
        "area_id": "DestinationEvacArea2",
        "waypoints": [
            [
                14.62152,
                121.053174
            ],
            [
                14.621408,
                121.05293
            ],
            [
                14.621101,
                121.052251
            ],
            [
                14.621177,
                121.052223
            ],
            [
                14.621789,
                121.051891
            ],
            [
                14.622197,
                121.0517
            ],
            [
                14.62242,
                121.052182
            ],
            [
                14.622491,
                121.052331
            ],
            [
                14.622763,
                121.052882
            ],
            [
                14.622856,
                121.053075
            ],
            [
                14.622933,
                121.053248
            ],
            [
                14.623069,
                121.053525
            ],
            [
                14.623266,
                121.053913
            ],
            [
                14.623768,
                121.054983
            ],
            [
                14.623988,
                121.055442
            ],
            [
                14.624255,
                121.056009
            ],
            [
                14.624541,
                121.056602
            ],
            [
                14.624831,
                121.057184
            ],
            [
                14.622523,
                121.058293
            ],
            [
                14.62215,
                121.058476
            ],
            [
                14.622034,
                121.05853
            ],
            [
                14.622014,
                121.058538
            ],
            [
                14.621601,
                121.058735
            ],
            [
                14.621245,
                121.058902
            ],
            [
                14.620985,
                121.058279
            ],
            [
                14.6209,
                121.058066
            ]
        ],
        "destination_coordinates": [
            14.6213392,
            121.0578776
        ],
        "route_id": "Route1",
        "distance": 1.9,
        "hazard_zones": 2,
        "flood_depth": 0.3
    }
}