{
    "starting_location_coordinates": [
        14.6215196,
        121.0531739
    ],
    "best_route": {
        "area_id": "DestinationEvacArea1",
        "waypoints": [
            [
                14.62152,
                121.053174
            ],
            [
                14.621408,
                121.05293
            ],
            [
                14.621101,
                121.052251
            ],
            [
                14.621177,
                121.052223
            ],
            [
                14.621789,
                121.051891
            ],
            [
                14.622197,
                121.0517
            ],
            [
                14.62242,
                121.052182
            ],
            [
                14.622491,
                121.052331
            ],
            [
                14.622763,
                121.052882
            ],
            [
                14.622856,
                121.053075
            ],
            [
                14.622933,
                121.053248
            ],
            [
                14.623069,
                121.053525
            ],
            [
                14.623266,
                121.053913
            ],
            [
                14.623768,
                121.054983
            ],
            [
                14.623988,
                121.055442
            ],
            [
                14.624255,
                121.056009
            ],
            [
                14.624541,
                121.056602
            ],
            [
                14.624831,
                121.057184
            ],
            [
                14.625102,
                121.057719
            ],
            [
                14.626003,
                121.059509
            ],
            [
                14.626333,
                121.060187
            ],
            [
                14.626444,
                121.060422
            ],
            [
                14.626476,
                121.060481
            ],
            [
                14.626659,
                121.060853
            ],
            [
                14.626923,
                121.061367
            ],
            [
                14.626845,
                121.061404
            ],
            [
                14.626785,
                121.061437
            ],
            [
                14.626618,
                121.06152
            ],
            [
                14.626003,
                121.061837
            ],
            [
                14.626146,
                121.062134
            ]
        ],
        "destination_coordinates": [
            14.6259492,
            121.0622352
        ],
        "route_id": "Route2",
        "distance": 1.6,
        "hazard_zones": 2,
        "flood_depth": 0.7
    }
}